train_setting,eval_setting,delta_mae,delta_spearman,direction_auc,ranking_spearman,ranking_ndcg_at_5,best_hit_at_5,positive_hit_at_5
original_only,original_test,0.42367848889595106,0.692292290061296,0.8192787158926079,0.6547664415960226,0.8365808951823237,,
original_only,faris_all_external,,0.508355710080059,,0.508355710080059,0.7449212182442213,0.7729257641921398,0.9665071770334929
faris_only,faris_test,0.9989539173946372,0.3682399847754436,0.6831855329507911,0.28094701511055215,0.7390739189843565,,
faris_only,original_test,0.7255766554354455,0.3869969670693261,0.7043809354388462,0.2553384201981165,0.7776383137313277,,
original_plus_faris,combined_test,0.7008370778368945,0.5748965517364505,0.7654785247432307,0.5470182034470151,0.8197479293346115,,
original_plus_faris,original_test,0.6662809097363855,0.6274074196467041,0.7852089548154029,0.5876874354522419,0.8318000225019491,,
